{
    "CsCh_A1_25_05_2023-12_44": 29.542131147540985,
    "CsCh_A1_21_04_2023-11_54": 30.724755256975712,
    "CsCh_A4_21_04_2023-11_08": 30.544712387056208,
    "CsCh_A1_24_05_2023-12_27": 29.379180327868855,
    "CsCh_A4_28_04_2023-11_20": 30.00040983606557,
    "CsCh_A3_25_05_2023-12_44": 29.275491803278683,
    "CsCh_A4_24_05_2023-12_27": 29.58352459016394,
    "CsCh_A3_24_05_2023-12_27": 29.555081967213113,
    "CsCh_A3_21_04_2023-11_08": 30.5352073076035,
    "CsCh_A1_24_05_2023-11_32": 29.891557377049182,
    "CsCh_A2_25_05_2023-12_44": 29.239754098360656,
    "CsCh_A3_28_04_2023-11_20": 29.172049180327868,
    "CsCh_A2_20_04_2023-11_45": 30.833580038475233,
    "CsCh_A2_28_04_2023-11_20": 30.464554025153035,
    "CsCh_A3_24_05_2023-11_32": 29.449672131147544,
    "CsCh_A4_25_05_2023-12_44": 29.964262295081966,
    "CsCh_A2_19_04_2023-12_08": 30.65983606557377,
    "CsCh_A3_20_04_2023-11_45": 30.655655737704915,
    "CsCh_A1_05_05_2023-11_21": 31.18568039545515,
    "CsCh_A4_21_04_2023-11_54": 30.0116393442623
}