{
    "DD-CS_movie_01": 7.785942781720412,
    "DD-CS_movie_02": 7.912169913845222,
    "DD-CS_movie_03": 6.968137164808122,
    "DD-CS_movie_04": 7.743840620930297,
    "DD-CS_movie_05": 7.762127254333049,
    "DD-CS_movie_06": 7.948083956194,
    "DD-CS_movie_07": 6.999900781570999,
    "DD-CS_movie_08": 7.7188688630170255,
    "DD-CS_movie_09": 7.7807996551215775,
    "DD-CS_movie_10": 7.949552812062743,
    "DD-CS_movie_11": 6.98869253887772,
    "DD-CS_movie_12": 7.79193880548924,
    "DD-CS_movie_13": 7.860988720518904,
    "DD-CS_movie_14": 7.786103449684932,
    "DD-CS_movie_15": 7.724647046376918,
    "DD-CS_movie_16": 7.883183350892892,
    "DD-CS_movie_17": 6.914551949819769,
    "DD-CS_movie_18": 7.835645280235441,
    "DD-CS_movie_19": 7.780156525241283,
    "DD-CS_movie_20": 7.923071742991023,
    "DD-CS_movie_21": 7.881543407084508,
    "DD-CS_movie_22": 7.7685710829801335,
    "DD-CS_movie_23": 7.920176585580282,
    "DD-CS_movie_24": 7.0077596867029515,
    "DD-CS_movie_25": 7.798411471810659,
    "DD-CS_movie_26": 7.92317700150832,
    "DD-CS_movie_27": 6.983857910978562,
    "DD-CS_movie_28": 7.758043394558424
}