{
    "fx1": 7.268583333333334,
    "fx10": 7.418208333333333,
    "fx11": 6.64555,
    "fx12": 7.444229166666667,
    "fx13": 6.925041666666666,
    "fx14": 6.987375,
    "fx15": 6.939958333333333,
    "fx16": 7.521333333333333,
    "fx2": 7.346583333333333,
    "fx3": 7.303583333333332,
    "fx4": 7.355083333333333,
    "fx5": 7.31175,
    "fx6": 7.269791666666666,
    "fx7": 7.389541666666666,
    "fx8": 6.9955,
    "fx9": 7.188916666666666
}