{
    "IAV-CS_movie_01": 7.898836760566288,
    "IAV-CS_movie_02": 7.87037834314222,
    "IAV-CS_movie_03": 6.900098834058931,
    "IAV-CS_movie_04": 7.885890752096869,
    "IAV-CS_movie_05": 7.8988,
    "IAV-CS_movie_06": 7.865030926153513,
    "IAV-CS_movie_07": 7.8859,
    "IAV-CS_movie_08": 7.8988,
    "IAV-CS_movie_09": 7.843285518883676,
    "IAV-CS_movie_10": 6.9001,
    "IAV-CS_movie_11": 7.8859,
    "IAV-CS_movie_12": 7.822119988247704,
    "IAV-CS_movie_13": 7.921861169519162,
    "IAV-CS_movie_14": 7.899511277784664,
    "IAV-CS_movie_15": 6.88899533181666,
    "IAV-CS_movie_16": 7.844208509837477,
    "IAV-CS_movie_17": 7.816730477810353,
    "IAV-CS_movie_18": 6.890387372074155,
    "IAV-CS_movie_19": 7.853558873453126,
    "IAV-CS_movie_20": 6.98952692288077,
    "IAV-CS_movie_21": 7.833061587640963,
    "IAV-CS_movie_22": 7.882269684483622,
    "IAV-CS_movie_23": 7.900104835186846,
    "IAV-CS_movie_24": 6.959581364345932,
    "IAV-CS_movie_25": 7.839197546480684,
    "IAV-CS_movie_26": 7.8988
}