{
    "pox-neural_movie_01": 7.046449346280181,
    "pox-neural_movie_02": 7.933275316752767,
    "pox-neural_movie_03": 7.032173212859463,
    "pox-neural_movie_04": 7.7823000848210855,
    "pox-neural_movie_05": 7.046449346280181,
    "pox-neural_movie_06": 7.900091908795037,
    "pox-neural_movie_07": 7.761912367913254,
    "pox-neural_movie_08": 7.894230855217482,
    "pox-neural_movie_09": 7.7751704649571325,
    "pox-neural_movie_10": 7.022738629635522,
    "pox-neural_movie_11": 7.843357924041589,
    "pox-neural_movie_12": 7.923177001508319,
    "pox-neural_movie_13": 7.962603218571124,
    "pox-neural_movie_14": 7.944778037573453,
    "pox-neural_movie_15": 7.924019019311543,
    "pox-neural_movie_16": 7.026715753029231,
    "pox-neural_movie_17": 7.0466268752264565,
    "pox-neural_movie_18": 7.929805471386316,
    "pox-neural_movie_19": 7.029148405258256,
    "pox-neural_movie_20": 7.938214599381609
}