{
    "10wt": 7.238833333333334,
    "11wt": 7.338000000000001,
    "13wt": 7.3420000000000005,
    "14wt": 7.404583333333333,
    "15wt": 7.399333333333333,
    "19wt": 7.142250000000001,
    "20wt": 7.384583333333333,
    "22wt": 7.401166666666666,
    "23wt": 7.3916249999999994,
    "5wt": 7.189041666666666,
    "6wt": 7.203308333333332,
    "7wt": 7.223458333333333,
    "8wt": 7.19825,
    "9wt": 7.216708333333333
}