{
    "(CS)Or83b_movie_01": 7.902576995438741,
    "(CS)Or83b_movie_02": 6.950867977014972,
    "(CS)Or83b_movie_03": 7.947196469845341,
    "(CS)Or83b_movie_04": 7.837536198628926,
    "(CS)Or83b_movie_05": 7.954692667834147,
    "(CS)Or83b_movie_06": 6.934852962006007,
    "(CS)Or83b_movie_07": 7.8935086226102555,
    "(CS)Or83b_movie_08": 7.912457912457909,
    "(CS)Or83b_movie_09": 7.923590821140832,
    "(CS)Or83b_movie_10": 8.014097363736822,
    "(CS)Or83b_movie_11": 7.909228970791096,
    "(CS)Or83b_movie_12": 7.909228970791097,
    "(CS)Or83b_movie_13": 7.939756276662002,
    "(CS)Or83b_movie_14": 7.932561665857941,
    "(CS)Or83b_movie_15": 7.928961912354072,
    "(CS)Or83b_movie_16": 7.849732519450589,
    "(CS)Or83b_movie_17": 7.935465539427301,
    "(CS)Or83b_movie_18": 7.869869221877471,
    "(CS)Or83b_movie_19": 7.96978960086936,
    "(CS)Or83b_movie_20": 7.884938000793346,
    "(CS)Or83b_movie_21": 7.829735935516363,
    "(CS)Or83b_movie_22": 7.001125904046869,
    "(CS)Or83b_movie_23": 7.961489830351372
}