{
    "(CS)Or83b-CS_movie_01": 7.943351138396881,
    "(CS)Or83b-CS_movie_02": 6.911050745591749,
    "(CS)Or83b-CS_movie_03": 7.989874471606765,
    "(CS)Or83b-CS_movie_04": 7.855345394643373,
    "(CS)Or83b-CS_movie_05": 7.905428527397704,
    "(CS)Or83b-CS_movie_06": 7.908585357416303,
    "(CS)Or83b-CS_movie_07": 7.900865582267814,
    "(CS)Or83b-CS_movie_08": 6.999194075359147,
    "(CS)Or83b-CS_movie_09": 7.933571829392757,
    "(CS)Or83b-CS_movie_10": 7.90241400621707,
    "(CS)Or83b-CS_movie_11": 7.0437054094321185,
    "(CS)Or83b-CS_movie_12": 7.849732519450591,
    "(CS)Or83b-CS_movie_13": 7.920334530545128,
    "(CS)Or83b-CS_movie_14": 6.984795889931688,
    "(CS)Or83b-CS_movie_15": 7.969789600869359,
    "(CS)Or83b-CS_movie_16": 7.940639375932025,
    "(CS)Or83b-CS_movie_17": 7.963314006256986,
    "(CS)Or83b-CS_movie_18": 7.792867284249441,
    "(CS)Or83b-CS_movie_19": 7.930477797195114,
    "(CS)Or83b-CS_movie_20": 6.907498717177918,
    "(CS)Or83b-CS_movie_21": 7.922958688673859,
    "(CS)Or83b-CS_movie_22": 7.86777558357958,
    "(CS)Or83b-CS_movie_23": 7.856875482874088,
    "(CS)Or83b-CS_movie_24": 7.909228970791096,
    "(CS)Or83b-CS_movie_25": 6.926036150623317,
    "(CS)Or83b-CS_movie_26": 7.856875482874089
}