{
    "CSf_movie_01": 6.421484877825491,
    "CSf_movie_02": 6.4215,
    "CSf_movie_03": 6.2475,
    "CSf_movie_04": 5.5528,
    "CSf_movie_05": 5.2916,
    "CSf_movie_06": 6.2475,
    "CSf_movie_07": 5.4916,
    "CSf_movie_08": 6.4215,
    "CSf_movie_09": 5.4916,
    "CSf_movie_10": 5.2916,
    "CSf_movie_11": 6.4215,
    "CSf_movie_12": 6.3098,
    "CSf_movie_13": 6.4215,
    "CSf_movie_14": 5.4916,
    "CSf_movie_15": 5.4916,
    "CSf_movie_16": 7.87521335357368,
    "CSf_movie_17": 7.721569486875283,
    "CSf_movie_18": 7.0362042669095475,
    "CSf_movie_19": 7.890003972721703,
    "CSf_movie_20": 7.856903174100679,
    "CSf_movie_21": 6.247535672609121,
    "CSf_movie_22": 6.2475,
    "CSf_movie_23": 5.2916,
    "CSf_movie_24": 5.2916,
    "CSf_movie_25": 6.2475,
    "CSf_movie_26": 5.2916
}