{
    "CSm_movie_01": 6.462846024536218,
    "CSm_movie_02": 5.285900911831843,
    "CSm_movie_03": 6.3098,
    "CSm_movie_04": 5.551095362953074,
    "CSm_movie_05": 5.5528,
    "CSm_movie_06": 7.7598169134675326,
    "CSm_movie_07": 6.4215,
    "CSm_movie_08": 6.4215,
    "CSm_movie_09": 5.5528,
    "CSm_movie_10": 6.4215,
    "CSm_movie_11": 5.5528,
    "CSm_movie_12": 6.2475,
    "CSm_movie_13": 6.4215,
    "CSm_movie_14": 6.4215,
    "CSm_movie_15": 5.5528,
    "CSm_movie_16": 6.4215,
    "CSm_movie_17": 6.2475,
    "CSm_movie_18": 5.5528,
    "CSm_movie_19": 6.2475,
    "CSm_movie_20": 5.5528,
    "CSm_movie_21": 6.4215,
    "CSm_movie_22": 6.4215,
    "CSm_movie_23": 6.4215,
    "CSm_movie_24": 6.2475,
    "CSm_movie_25": 5.4916,
    "CSm_movie_26": 5.1473564340919715,
    "CSm_movie_27": 6.4215,
    "CSm_movie_28": 6.2475,
    "CSm_movie_29": 6.4215,
    "CSm_movie_30": 5.4916,
    "CSm_movie_31": 6.4215,
    "CSm_movie_32": 6.4215,
    "CSm_movie_33": 6.2475,
    "CSm_movie_34": 5.4916,
    "CSm_movie_35": 7.103818638588906,
    "CSm_movie_36": 7.5384335693571956,
    "CSm_movie_37": 7.862473847409073,
    "CSm_movie_38": 7.973370921837435,
    "CSm_movie_39": 7.956203650230269,
    "CSm_movie_40": 7.844049032026464,
    "CSm_movie_41": 7.988620646592512,
    "CSm_movie_42": 7.899153798305907,
    "CSm_movie_43": 7.88223116699622
}