{
    "IAV_movie_01": 6.530918028473576,
    "IAV_movie_02": 5.2916,
    "IAV_movie_03": 5.5528,
    "IAV_movie_04": 5.2916,
    "IAV_movie_05": 5.2916,
    "IAV_movie_06": 6.2475,
    "IAV_movie_07": 6.2475,
    "IAV_movie_08": 5.5528,
    "IAV_movie_09": 5.2916,
    "IAV_movie_10": 5.5528,
    "IAV_movie_11": 5.2916,
    "IAV_movie_12": 5.2916,
    "IAV_movie_13": 5.2916,
    "IAV_movie_14": 6.4215,
    "IAV_movie_15": 5.4916,
    "IAV_movie_16": 6.4215,
    "IAV_movie_17": 5.4916,
    "IAV_movie_18": 5.4916,
    "IAV_movie_19": 6.4215,
    "IAV_movie_20": 5.2916,
    "IAV_movie_21": 5.2916,
    "IAV_movie_22": 7.775814007229548,
    "IAV_movie_23": 7.894230855217481,
    "IAV_movie_24": 6.893344958606046,
    "IAV_movie_25": 6.964473359293339,
    "IAV_movie_26": 6.9861264246391945
}