{
    "ORRf_movie_01": 7.809258522894358,
    "ORRf_movie_02": 7.776082134124241,
    "ORRf_movie_03": 7.970611544539082,
    "ORRf_movie_04": 7.102126312993879,
    "ORRf_movie_05": 7.821210224378828,
    "ORRf_movie_06": 7.826326794928262,
    "ORRf_movie_07": 7.924808329749555,
    "ORRf_movie_08": 7.805840389905202,
    "ORRf_movie_09": 7.870107216030662,
    "ORRf_movie_10": 6.959274894100585,
    "ORRf_movie_11": 7.718976906112711,
    "ORRf_movie_12": 7.965064149372404,
    "ORRf_movie_13": 7.805840389905201,
    "ORRf_movie_14": 7.775170464957133,
    "ORRf_movie_15": 7.962603218571128,
    "ORRf_movie_16": 7.010853200247193,
    "ORRf_movie_17": 7.786157004936348,
    "ORRf_movie_18": 7.7598169134675326,
    "ORRf_movie_19": 7.866291457637759,
    "ORRf_movie_20": 7.1063775801029845,
    "ORRf_movie_21": 7.718166546029208,
    "ORRf_movie_22": 6.4215,
    "ORRf_movie_23": 7.022738629635521
}