{
    "ORRm_movie_01": 6.4215,
    "ORRm_movie_02": 5.55280940188162,
    "ORRm_movie_03": 5.2916,
    "ORRm_movie_04": 6.2475,
    "ORRm_movie_05": 6.2475,
    "ORRm_movie_06": 5.5528,
    "ORRm_movie_07": 6.2475,
    "ORRm_movie_08": 5.2916,
    "ORRm_movie_09": 5.5528,
    "ORRm_movie_10": 6.4215,
    "ORRm_movie_11": 5.5528,
    "ORRm_movie_12": 5.5528,
    "ORRm_movie_13": 6.2475,
    "ORRm_movie_14": 6.4215,
    "ORRm_movie_15": 5.2916,
    "ORRm_movie_16": 5.2916,
    "ORRm_movie_17": 6.2475,
    "ORRm_movie_18": 6.2475,
    "ORRm_movie_19": 6.4215,
    "ORRm_movie_20": 5.2916,
    "ORRm_movie_21": 5.2916,
    "ORRm_movie_22": 5.2916,
    "ORRm_movie_23": 6.2475,
    "ORRm_movie_24": 7.906686993164899,
    "ORRm_movie_25": 7.816242004319774,
    "ORRm_movie_26": 7.800977653295141,
    "ORRm_movie_27": 7.866291457637757,
    "ORRm_movie_28": 7.75777464420259,
    "ORRm_movie_29": 7.821210224378827
}