{
    "pox-control_movie_01": 7.763201597210764,
    "pox-control_movie_02": 7.966529874461262,
    "pox-control_movie_03": 7.775170464957133,
    "pox-control_movie_04": 7.885774824559777,
    "pox-control_movie_05": 7.912749615975425,
    "pox-control_movie_06": 7.931593157054724,
    "pox-control_movie_07": 7.910272409841583,
    "pox-control_movie_08": 7.887255284363947,
    "pox-control_movie_09": 7.933590681988924,
    "pox-control_movie_10": 7.010853200247193,
    "pox-control_movie_11": 7.7490082778026705,
    "pox-control_movie_12": 7.8889997553183,
    "pox-control_movie_13": 7.908585357416301,
    "pox-control_movie_14": 7.9695128390096714,
    "pox-control_movie_15": 7.870107216030662,
    "pox-control_movie_16": 7.747070810428786,
    "pox-control_movie_17": 7.0473961156496,
    "pox-control_movie_18": 7.797235023041478,
    "pox-control_movie_19": 7.925229263173293,
    "pox-control_movie_20": 7.747070810428785,
    "pox-control_movie_21": 7.953433482448658
}